master_id,master_fileID,slave_id,slave_fileID,delta_days,track
S1A_IW_SLC__1SDV_20210101T220543_20210101T220613_035950_043606_67BE,S1A_IW_SLC__1SDV_20210101T220543_20210101T220613_035950_043606_67BE-SLC,S1A_IW_SLC__1SDV_20210113T220543_20210113T220613_036125_043C3B_65C4,S1A_IW_SLC__1SDV_20210113T220543_20210113T220613_036125_043C3B_65C4-SLC,12,3
S1A_IW_SLC__1SDV_20210101T220611_20210101T220639_035950_043606_A7D0,S1A_IW_SLC__1SDV_20210101T220611_20210101T220639_035950_043606_A7D0-SLC,S1A_IW_SLC__1SDV_20210113T220636_20210113T220703_036125_043C3B_477B,S1A_IW_SLC__1SDV_20210113T220636_20210113T220703_036125_043C3B_477B-SLC,12,3
S1A_IW_SLC__1SDV_20210101T220637_20210101T220704_035950_043606_AC61,S1A_IW_SLC__1SDV_20210101T220637_20210101T220704_035950_043606_AC61-SLC,S1A_IW_SLC__1SDV_20210113T220701_20210113T220728_036125_043C3B_E674,S1A_IW_SLC__1SDV_20210113T220701_20210113T220728_036125_043C3B_E674-SLC,12,3
S1A_IW_SLC__1SDV_20210101T220702_20210101T220728_035950_043606_9702,S1A_IW_SLC__1SDV_20210101T220702_20210101T220728_035950_043606_9702-SLC,S1A_IW_SLC__1SDV_20210113T220726_20210113T220753_036125_043C3B_45D7,S1A_IW_SLC__1SDV_20210113T220726_20210113T220753_036125_043C3B_45D7-SLC,12,3
S1A_IW_SLC__1SDV_20210101T220726_20210101T220753_035950_043606_EC29,S1A_IW_SLC__1SDV_20210101T220726_20210101T220753_035950_043606_EC29-SLC,S1A_IW_SLC__1SDV_20210113T220726_20210113T220753_036125_043C3B_45D7,S1A_IW_SLC__1SDV_20210113T220726_20210113T220753_036125_043C3B_45D7-SLC,12,3
S1A_IW_SLC__1SDV_20210101T220751_20210101T220818_035950_043606_CFF0,S1A_IW_SLC__1SDV_20210101T220751_20210101T220818_035950_043606_CFF0-SLC,S1A_IW_SLC__1SDV_20210113T220751_20210113T220818_036125_043C3B_B807,S1A_IW_SLC__1SDV_20210113T220751_20210113T220818_036125_043C3B_B807-SLC,12,3
S1A_IW_SLC__1SDV_20210101T220816_20210101T220844_035950_043606_C853,S1A_IW_SLC__1SDV_20210101T220816_20210101T220844_035950_043606_C853-SLC,S1A_IW_SLC__1SDV_20210113T220841_20210113T220908_036125_043C3B_1303,S1A_IW_SLC__1SDV_20210113T220841_20210113T220908_036125_043C3B_1303-SLC,12,3
S1A_IW_SLC__1SDV_20210101T220842_20210101T220909_035950_043606_B9AB,S1A_IW_SLC__1SDV_20210101T220842_20210101T220909_035950_043606_B9AB-SLC,S1A_IW_SLC__1SDV_20210125T220542_20210125T220612_036300_044247_70DA,S1A_IW_SLC__1SDV_20210125T220542_20210125T220612_036300_044247_70DA-SLC,23,3
S1A_IW_SLC__1SDV_20210113T220543_20210113T220613_036125_043C3B_65C4,S1A_IW_SLC__1SDV_20210113T220543_20210113T220613_036125_043C3B_65C4-SLC,S1A_IW_SLC__1SDV_20210125T220610_20210125T220638_036300_044247_EE02,S1A_IW_SLC__1SDV_20210125T220610_20210125T220638_036300_044247_EE02-SLC,12,3
S1A_IW_SLC__1SDV_20210113T220610_20210113T220638_036125_043C3B_54C3,S1A_IW_SLC__1SDV_20210113T220610_20210113T220638_036125_043C3B_54C3-SLC,S1A_IW_SLC__1SDV_20210125T220610_20210125T220638_036300_044247_EE02,S1A_IW_SLC__1SDV_20210125T220610_20210125T220638_036300_044247_EE02-SLC,12,3
S1A_IW_SLC__1SDV_20210113T220636_20210113T220703_036125_043C3B_477B,S1A_IW_SLC__1SDV_20210113T220636_20210113T220703_036125_043C3B_477B-SLC,S1A_IW_SLC__1SDV_20210125T220636_20210125T220703_036300_044247_FFCA,S1A_IW_SLC__1SDV_20210125T220636_20210125T220703_036300_044247_FFCA-SLC,12,3
S1A_IW_SLC__1SDV_20210113T220701_20210113T220728_036125_043C3B_E674,S1A_IW_SLC__1SDV_20210113T220701_20210113T220728_036125_043C3B_E674-SLC,S1A_IW_SLC__1SDV_20210125T220701_20210125T220727_036300_044247_34E6,S1A_IW_SLC__1SDV_20210125T220701_20210125T220727_036300_044247_34E6-SLC,12,3
S1A_IW_SLC__1SDV_20210113T220726_20210113T220753_036125_043C3B_45D7,S1A_IW_SLC__1SDV_20210113T220726_20210113T220753_036125_043C3B_45D7-SLC,S1A_IW_SLC__1SDV_20210125T220750_20210125T220817_036300_044247_4761,S1A_IW_SLC__1SDV_20210125T220750_20210125T220817_036300_044247_4761-SLC,12,3
S1A_IW_SLC__1SDV_20210113T220751_20210113T220818_036125_043C3B_B807,S1A_IW_SLC__1SDV_20210113T220751_20210113T220818_036125_043C3B_B807-SLC,S1A_IW_SLC__1SDV_20210125T220815_20210125T220843_036300_044247_3049,S1A_IW_SLC__1SDV_20210125T220815_20210125T220843_036300_044247_3049-SLC,12,3
S1A_IW_SLC__1SDV_20210113T220815_20210113T220843_036125_043C3B_887F,S1A_IW_SLC__1SDV_20210113T220815_20210113T220843_036125_043C3B_887F-SLC,S1A_IW_SLC__1SDV_20210125T220815_20210125T220843_036300_044247_3049,S1A_IW_SLC__1SDV_20210125T220815_20210125T220843_036300_044247_3049-SLC,12,3
S1A_IW_SLC__1SDV_20210113T220841_20210113T220908_036125_043C3B_1303,S1A_IW_SLC__1SDV_20210113T220841_20210113T220908_036125_043C3B_1303-SLC,S1A_IW_SLC__1SDV_20210125T220841_20210125T220908_036300_044247_7DCB,S1A_IW_SLC__1SDV_20210125T220841_20210125T220908_036300_044247_7DCB-SLC,12,3
S1A_IW_SLC__1SDV_20210102T102622_20210102T102650_035957_043649_8108,S1A_IW_SLC__1SDV_20210102T102622_20210102T102650_035957_043649_8108-SLC,S1A_IW_SLC__1SDV_20210114T102647_20210114T102714_036132_043C74_EB9A,S1A_IW_SLC__1SDV_20210114T102647_20210114T102714_036132_043C74_EB9A-SLC,12,10
S1A_IW_SLC__1SDV_20210102T102648_20210102T102715_035957_043649_6F09,S1A_IW_SLC__1SDV_20210102T102648_20210102T102715_035957_043649_6F09-SLC,S1A_IW_SLC__1SDV_20210114T102712_20210114T102730_036132_043C74_A0CF,S1A_IW_SLC__1SDV_20210114T102712_20210114T102730_036132_043C74_A0CF-SLC,12,10
S1A_IW_SLC__1SDV_20210102T102712_20210102T102730_035957_043649_6DAF,S1A_IW_SLC__1SDV_20210102T102712_20210102T102730_035957_043649_6DAF-SLC,S1A_IW_SLC__1SDV_20210114T102712_20210114T102730_036132_043C74_A0CF,S1A_IW_SLC__1SDV_20210114T102712_20210114T102730_036132_043C74_A0CF-SLC,12,10
S1B_IW_SLC__1SDV_20210108T102529_20210108T102556_025061_02FBAA_61C4,S1B_IW_SLC__1SDV_20210108T102529_20210108T102556_025061_02FBAA_61C4-SLC,S1B_IW_SLC__1SDV_20210120T102554_20210120T102621_025236_030144_F377,S1B_IW_SLC__1SDV_20210120T102554_20210120T102621_025236_030144_F377-SLC,12,10
S1B_IW_SLC__1SDV_20210108T102554_20210108T102621_025061_02FBAA_DF1D,S1B_IW_SLC__1SDV_20210108T102554_20210108T102621_025061_02FBAA_DF1D-SLC,S1B_IW_SLC__1SDV_20210120T102554_20210120T102621_025236_030144_F377,S1B_IW_SLC__1SDV_20210120T102554_20210120T102621_025236_030144_F377-SLC,12,10
S1B_IW_SLC__1SDV_20210108T102619_20210108T102637_025061_02FBAA_8188,S1B_IW_SLC__1SDV_20210108T102619_20210108T102637_025061_02FBAA_8188-SLC,S1B_IW_SLC__1SDV_20210120T102619_20210120T102636_025236_030144_1F96,S1B_IW_SLC__1SDV_20210120T102619_20210120T102636_025236_030144_1F96-SLC,12,10
S1A_IW_SLC__1SDV_20210114T102621_20210114T102649_036132_043C74_8F70,S1A_IW_SLC__1SDV_20210114T102621_20210114T102649_036132_043C74_8F70-SLC,S1A_IW_SLC__1SDV_20210126T102621_20210126T102649_036307_044286_F8CA,S1A_IW_SLC__1SDV_20210126T102621_20210126T102649_036307_044286_F8CA-SLC,12,10
S1A_IW_SLC__1SDV_20210114T102647_20210114T102714_036132_043C74_EB9A,S1A_IW_SLC__1SDV_20210114T102647_20210114T102714_036132_043C74_EB9A-SLC,S1A_IW_SLC__1SDV_20210126T102647_20210126T102714_036307_044286_0A33,S1A_IW_SLC__1SDV_20210126T102647_20210126T102714_036307_044286_0A33-SLC,12,10
S1A_IW_SLC__1SDV_20210103T110726_20210103T110753_035972_0436D8_BD1A,S1A_IW_SLC__1SDV_20210103T110726_20210103T110753_035972_0436D8_BD1A-SLC,S1A_IW_SLC__1SDV_20210115T110750_20210115T110819_036147_043CFC_986A,S1A_IW_SLC__1SDV_20210115T110750_20210115T110819_036147_043CFC_986A-SLC,12,25
S1A_IW_SLC__1SDV_20210103T110751_20210103T110820_035972_0436D8_EF1E,S1A_IW_SLC__1SDV_20210103T110751_20210103T110820_035972_0436D8_EF1E-SLC,S1A_IW_SLC__1SDV_20210127T110725_20210127T110752_036322_044313_0488,S1A_IW_SLC__1SDV_20210127T110725_20210127T110752_036322_044313_0488-SLC,23,25
S1A_IW_SLC__1SDV_20210115T110725_20210115T110752_036147_043CFC_BEC3,S1A_IW_SLC__1SDV_20210115T110725_20210115T110752_036147_043CFC_BEC3-SLC,S1A_IW_SLC__1SDV_20210127T110725_20210127T110752_036322_044313_0488,S1A_IW_SLC__1SDV_20210127T110725_20210127T110752_036322_044313_0488-SLC,12,25
S1A_IW_SLC__1SDV_20210115T110750_20210115T110819_036147_043CFC_986A,S1A_IW_SLC__1SDV_20210115T110750_20210115T110819_036147_043CFC_986A-SLC,S1A_IW_SLC__1SDV_20210127T110750_20210127T110819_036322_044313_AA7A,S1A_IW_SLC__1SDV_20210127T110750_20210127T110819_036322_044313_AA7A-SLC,12,25
S1A_IW_SLC__1SDV_20210103T214904_20210103T214931_035979_04370E_ADA5,S1A_IW_SLC__1SDV_20210103T214904_20210103T214931_035979_04370E_ADA5-SLC,S1A_IW_SLC__1SDV_20210115T214904_20210115T214931_036154_043D32_A14A,S1A_IW_SLC__1SDV_20210115T214904_20210115T214931_036154_043D32_A14A-SLC,12,32
S1A_IW_SLC__1SDV_20210103T214929_20210103T214956_035979_04370E_95C0,S1A_IW_SLC__1SDV_20210103T214929_20210103T214956_035979_04370E_95C0-SLC,S1A_IW_SLC__1SDV_20210115T214953_20210115T215020_036154_043D32_7992,S1A_IW_SLC__1SDV_20210115T214953_20210115T215020_036154_043D32_7992-SLC,12,32
S1A_IW_SLC__1SDV_20210103T214954_20210103T215021_035979_04370E_C0C6,S1A_IW_SLC__1SDV_20210103T214954_20210103T215021_035979_04370E_C0C6-SLC,S1A_IW_SLC__1SDV_20210115T215018_20210115T215045_036154_043D32_912D,S1A_IW_SLC__1SDV_20210115T215018_20210115T215045_036154_043D32_912D-SLC,12,32
S1A_IW_SLC__1SDV_20210103T215019_20210103T215046_035979_04370E_234D,S1A_IW_SLC__1SDV_20210103T215019_20210103T215046_035979_04370E_234D-SLC,S1A_IW_SLC__1SDV_20210115T215043_20210115T215111_036154_043D32_C137,S1A_IW_SLC__1SDV_20210115T215043_20210115T215111_036154_043D32_C137-SLC,12,32
S1A_IW_SLC__1SDV_20210103T215043_20210103T215111_035979_04370E_C461,S1A_IW_SLC__1SDV_20210103T215043_20210103T215111_035979_04370E_C461-SLC,S1A_IW_SLC__1SDV_20210115T215043_20210115T215111_036154_043D32_C137,S1A_IW_SLC__1SDV_20210115T215043_20210115T215111_036154_043D32_C137-SLC,12,32
S1A_IW_SLC__1SDV_20210103T215109_20210103T215136_035979_04370E_0198,S1A_IW_SLC__1SDV_20210103T215109_20210103T215136_035979_04370E_0198-SLC,S1A_IW_SLC__1SDV_20210115T215109_20210115T215136_036154_043D32_2AB4,S1A_IW_SLC__1SDV_20210115T215109_20210115T215136_036154_043D32_2AB4-SLC,12,32
S1A_IW_SLC__1SDV_20210103T215134_20210103T215201_035979_04370E_6C00,S1A_IW_SLC__1SDV_20210103T215134_20210103T215201_035979_04370E_6C00-SLC,S1A_IW_SLC__1SDV_20210115T215158_20210115T215225_036154_043D32_46AF,S1A_IW_SLC__1SDV_20210115T215158_20210115T215225_036154_043D32_46AF-SLC,12,32
S1A_IW_SLC__1SDV_20210103T215159_20210103T215226_035979_04370E_1096,S1A_IW_SLC__1SDV_20210103T215159_20210103T215226_035979_04370E_1096-SLC,S1A_IW_SLC__1SDV_20210115T215223_20210115T215250_036154_043D32_1F1D,S1A_IW_SLC__1SDV_20210115T215223_20210115T215250_036154_043D32_1F1D-SLC,12,32
S1A_IW_SLC__1SDV_20210103T215224_20210103T215251_035979_04370E_73D6,S1A_IW_SLC__1SDV_20210103T215224_20210103T215251_035979_04370E_73D6-SLC,S1A_IW_SLC__1SDV_20210127T214903_20210127T214930_036329_04434B_F7F4,S1A_IW_SLC__1SDV_20210127T214903_20210127T214930_036329_04434B_F7F4-SLC,23,32
S1A_IW_SLC__1SDV_20210115T214904_20210115T214931_036154_043D32_A14A,S1A_IW_SLC__1SDV_20210115T214904_20210115T214931_036154_043D32_A14A-SLC,S1A_IW_SLC__1SDV_20210127T214928_20210127T214955_036329_04434B_36F1,S1A_IW_SLC__1SDV_20210127T214928_20210127T214955_036329_04434B_36F1-SLC,12,32
S1A_IW_SLC__1SDV_20210115T214928_20210115T214955_036154_043D32_23EF,S1A_IW_SLC__1SDV_20210115T214928_20210115T214955_036154_043D32_23EF-SLC,S1A_IW_SLC__1SDV_20210127T214928_20210127T214955_036329_04434B_36F1,S1A_IW_SLC__1SDV_20210127T214928_20210127T214955_036329_04434B_36F1-SLC,12,32
S1A_IW_SLC__1SDV_20210115T214953_20210115T215020_036154_043D32_7992,S1A_IW_SLC__1SDV_20210115T214953_20210115T215020_036154_043D32_7992-SLC,S1A_IW_SLC__1SDV_20210127T214953_20210127T215020_036329_04434B_141C,S1A_IW_SLC__1SDV_20210127T214953_20210127T215020_036329_04434B_141C-SLC,12,32
S1A_IW_SLC__1SDV_20210115T215018_20210115T215045_036154_043D32_912D,S1A_IW_SLC__1SDV_20210115T215018_20210115T215045_036154_043D32_912D-SLC,S1A_IW_SLC__1SDV_20210127T215018_20210127T215045_036329_04434B_B55F,S1A_IW_SLC__1SDV_20210127T215018_20210127T215045_036329_04434B_B55F-SLC,12,32
S1A_IW_SLC__1SDV_20210115T215043_20210115T215111_036154_043D32_C137,S1A_IW_SLC__1SDV_20210115T215043_20210115T215111_036154_043D32_C137-SLC,S1A_IW_SLC__1SDV_20210127T215043_20210127T215110_036329_04434B_1D39,S1A_IW_SLC__1SDV_20210127T215043_20210127T215110_036329_04434B_1D39-SLC,12,32
S1A_IW_SLC__1SDV_20210115T215109_20210115T215136_036154_043D32_2AB4,S1A_IW_SLC__1SDV_20210115T215109_20210115T215136_036154_043D32_2AB4-SLC,S1A_IW_SLC__1SDV_20210127T215133_20210127T215200_036329_04434B_03FB,S1A_IW_SLC__1SDV_20210127T215133_20210127T215200_036329_04434B_03FB-SLC,12,32
S1A_IW_SLC__1SDV_20210115T215133_20210115T215201_036154_043D32_63A3,S1A_IW_SLC__1SDV_20210115T215133_20210115T215201_036154_043D32_63A3-SLC,S1A_IW_SLC__1SDV_20210127T215133_20210127T215200_036329_04434B_03FB,S1A_IW_SLC__1SDV_20210127T215133_20210127T215200_036329_04434B_03FB-SLC,12,32
S1A_IW_SLC__1SDV_20210115T215158_20210115T215225_036154_043D32_46AF,S1A_IW_SLC__1SDV_20210115T215158_20210115T215225_036154_043D32_46AF-SLC,S1A_IW_SLC__1SDV_20210127T215158_20210127T215225_036329_04434B_EF1A,S1A_IW_SLC__1SDV_20210127T215158_20210127T215225_036329_04434B_EF1A-SLC,12,32
S1A_IW_SLC__1SDV_20210115T215223_20210115T215250_036154_043D32_1F1D,S1A_IW_SLC__1SDV_20210115T215223_20210115T215250_036154_043D32_1F1D-SLC,S1A_IW_SLC__1SDV_20210127T215223_20210127T215250_036329_04434B_63BE,S1A_IW_SLC__1SDV_20210127T215223_20210127T215250_036329_04434B_63BE-SLC,12,32
S1A_IW_SLC__1SDV_20210104T223058_20210104T223128_035994_043783_68FB,S1A_IW_SLC__1SDV_20210104T223058_20210104T223128_035994_043783_68FB-SLC,S1A_IW_SLC__1SDV_20210116T223125_20210116T223153_036169_043DA9_9957,S1A_IW_SLC__1SDV_20210116T223125_20210116T223153_036169_043DA9_9957-SLC,12,47
S1A_IW_SLC__1SDV_20210104T223125_20210104T223153_035994_043783_08A0,S1A_IW_SLC__1SDV_20210104T223125_20210104T223153_035994_043783_08A0-SLC,S1A_IW_SLC__1SDV_20210116T223125_20210116T223153_036169_043DA9_9957,S1A_IW_SLC__1SDV_20210116T223125_20210116T223153_036169_043DA9_9957-SLC,12,47
S1A_IW_SLC__1SDV_20210104T223151_20210104T223218_035994_043783_3987,S1A_IW_SLC__1SDV_20210104T223151_20210104T223218_035994_043783_3987-SLC,S1A_IW_SLC__1SDV_20210116T223151_20210116T223218_036169_043DA9_F1DF,S1A_IW_SLC__1SDV_20210116T223151_20210116T223218_036169_043DA9_F1DF-SLC,12,47
S1A_IW_SLC__1SDV_20210104T223216_20210104T223243_035994_043783_6B65,S1A_IW_SLC__1SDV_20210104T223216_20210104T223243_035994_043783_6B65-SLC,S1A_IW_SLC__1SDV_20210116T223216_20210116T223228_036169_043DA9_0039,S1A_IW_SLC__1SDV_20210116T223216_20210116T223228_036169_043DA9_0039-SLC,12,47
S1A_IW_SLC__1SDV_20210104T223241_20210104T223308_035994_043783_7BE4,S1A_IW_SLC__1SDV_20210104T223241_20210104T223308_035994_043783_7BE4-SLC,S1A_IW_SLC__1SDV_20210128T223057_20210128T223127_036344_0443C1_30CE,S1A_IW_SLC__1SDV_20210128T223057_20210128T223127_036344_0443C1_30CE-SLC,23,47
S1A_IW_SLC__1SDV_20210104T223306_20210104T223333_035994_043783_2A82,S1A_IW_SLC__1SDV_20210104T223306_20210104T223333_035994_043783_2A82-SLC,S1A_IW_SLC__1SDV_20210128T223057_20210128T223127_036344_0443C1_30CE,S1A_IW_SLC__1SDV_20210128T223057_20210128T223127_036344_0443C1_30CE-SLC,23,47
S1A_IW_SLC__1SDV_20210116T223057_20210116T223127_036169_043DA9_9FDE,S1A_IW_SLC__1SDV_20210116T223057_20210116T223127_036169_043DA9_9FDE-SLC,S1A_IW_SLC__1SDV_20210128T223057_20210128T223127_036344_0443C1_30CE,S1A_IW_SLC__1SDV_20210128T223057_20210128T223127_036344_0443C1_30CE-SLC,12,47
S1A_IW_SLC__1SDV_20210116T223125_20210116T223153_036169_043DA9_9957,S1A_IW_SLC__1SDV_20210116T223125_20210116T223153_036169_043DA9_9957-SLC,S1A_IW_SLC__1SDV_20210128T223125_20210128T223152_036344_0443C1_8EC1,S1A_IW_SLC__1SDV_20210128T223125_20210128T223152_036344_0443C1_8EC1-SLC,12,47
S1A_IW_SLC__1SDV_20210116T223151_20210116T223218_036169_043DA9_F1DF,S1A_IW_SLC__1SDV_20210116T223151_20210116T223218_036169_043DA9_F1DF-SLC,S1A_IW_SLC__1SDV_20210128T223215_20210128T223242_036344_0443C1_2CA8,S1A_IW_SLC__1SDV_20210128T223215_20210128T223242_036344_0443C1_2CA8-SLC,12,47
S1A_IW_SLC__1SDV_20210116T223216_20210116T223228_036169_043DA9_0039,S1A_IW_SLC__1SDV_20210116T223216_20210116T223228_036169_043DA9_0039-SLC,S1A_IW_SLC__1SDV_20210128T223240_20210128T223307_036344_0443C1_CB60,S1A_IW_SLC__1SDV_20210128T223240_20210128T223307_036344_0443C1_CB60-SLC,12,47
S1A_IW_SLC__1SDV_20210106T221425_20210106T221455_036023_04388F_8261,S1A_IW_SLC__1SDV_20210106T221425_20210106T221455_036023_04388F_8261-SLC,S1A_IW_SLC__1SDV_20210118T221425_20210118T221454_036198_043EB4_A240,S1A_IW_SLC__1SDV_20210118T221425_20210118T221454_036198_043EB4_A240-SLC,12,76
S1A_IW_SLC__1SDV_20210106T221453_20210106T221520_036023_04388F_5AFD,S1A_IW_SLC__1SDV_20210106T221453_20210106T221520_036023_04388F_5AFD-SLC,S1A_IW_SLC__1SDV_20210118T221518_20210118T221545_036198_043EB4_8570,S1A_IW_SLC__1SDV_20210118T221518_20210118T221545_036198_043EB4_8570-SLC,12,76
S1A_IW_SLC__1SDV_20210106T221518_20210106T221545_036023_04388F_C42B,S1A_IW_SLC__1SDV_20210106T221518_20210106T221545_036023_04388F_C42B-SLC,S1A_IW_SLC__1SDV_20210118T221518_20210118T221545_036198_043EB4_8570,S1A_IW_SLC__1SDV_20210118T221518_20210118T221545_036198_043EB4_8570-SLC,12,76
S1A_IW_SLC__1SDV_20210106T221543_20210106T221610_036023_04388F_28CD,S1A_IW_SLC__1SDV_20210106T221543_20210106T221610_036023_04388F_28CD-SLC,S1A_IW_SLC__1SDV_20210118T221543_20210118T221610_036198_043EB4_5D43,S1A_IW_SLC__1SDV_20210118T221543_20210118T221610_036198_043EB4_5D43-SLC,12,76
S1A_IW_SLC__1SDV_20210106T221608_20210106T221635_036023_04388F_280F,S1A_IW_SLC__1SDV_20210106T221608_20210106T221635_036023_04388F_280F-SLC,S1A_IW_SLC__1SDV_20210118T221608_20210118T221634_036198_043EB4_585A,S1A_IW_SLC__1SDV_20210118T221608_20210118T221634_036198_043EB4_585A-SLC,12,76
S1A_IW_SLC__1SDV_20210106T221633_20210106T221700_036023_04388F_EE54,S1A_IW_SLC__1SDV_20210106T221633_20210106T221700_036023_04388F_EE54-SLC,S1A_IW_SLC__1SDV_20210118T221657_20210118T221725_036198_043EB4_4037,S1A_IW_SLC__1SDV_20210118T221657_20210118T221725_036198_043EB4_4037-SLC,12,76
S1A_IW_SLC__1SDV_20210106T221658_20210106T221726_036023_04388F_BAD4,S1A_IW_SLC__1SDV_20210106T221658_20210106T221726_036023_04388F_BAD4-SLC,S1A_IW_SLC__1SDV_20210130T221424_20210130T221454_036373_0444C8_984C,S1A_IW_SLC__1SDV_20210130T221424_20210130T221454_036373_0444C8_984C-SLC,23,76
S1A_IW_SLC__1SDV_20210118T221425_20210118T221454_036198_043EB4_A240,S1A_IW_SLC__1SDV_20210118T221425_20210118T221454_036198_043EB4_A240-SLC,S1A_IW_SLC__1SDV_20210130T221452_20210130T221520_036373_0444C8_FABD,S1A_IW_SLC__1SDV_20210130T221452_20210130T221520_036373_0444C8_FABD-SLC,12,76
S1A_IW_SLC__1SDV_20210118T221452_20210118T221520_036198_043EB4_E21C,S1A_IW_SLC__1SDV_20210118T221452_20210118T221520_036198_043EB4_E21C-SLC,S1A_IW_SLC__1SDV_20210130T221452_20210130T221520_036373_0444C8_FABD,S1A_IW_SLC__1SDV_20210130T221452_20210130T221520_036373_0444C8_FABD-SLC,12,76
S1A_IW_SLC__1SDV_20210118T221518_20210118T221545_036198_043EB4_8570,S1A_IW_SLC__1SDV_20210118T221518_20210118T221545_036198_043EB4_8570-SLC,S1A_IW_SLC__1SDV_20210130T221518_20210130T221545_036373_0444C8_8999,S1A_IW_SLC__1SDV_20210130T221518_20210130T221545_036373_0444C8_8999-SLC,12,76
S1A_IW_SLC__1SDV_20210118T221543_20210118T221610_036198_043EB4_5D43,S1A_IW_SLC__1SDV_20210118T221543_20210118T221610_036198_043EB4_5D43-SLC,S1A_IW_SLC__1SDV_20210130T221607_20210130T221634_036373_0444C8_F103,S1A_IW_SLC__1SDV_20210130T221607_20210130T221634_036373_0444C8_F103-SLC,12,76
S1A_IW_SLC__1SDV_20210118T221608_20210118T221634_036198_043EB4_585A,S1A_IW_SLC__1SDV_20210118T221608_20210118T221634_036198_043EB4_585A-SLC,S1A_IW_SLC__1SDV_20210130T221632_20210130T221659_036373_0444C8_01E8,S1A_IW_SLC__1SDV_20210130T221632_20210130T221659_036373_0444C8_01E8-SLC,12,76
S1A_IW_SLC__1SDV_20210118T221632_20210118T221659_036198_043EB4_9268,S1A_IW_SLC__1SDV_20210118T221632_20210118T221659_036198_043EB4_9268-SLC,S1A_IW_SLC__1SDV_20210130T221632_20210130T221659_036373_0444C8_01E8,S1A_IW_SLC__1SDV_20210130T221632_20210130T221659_036373_0444C8_01E8-SLC,12,76
S1A_IW_SLC__1SDV_20210118T221657_20210118T221725_036198_043EB4_4037,S1A_IW_SLC__1SDV_20210118T221657_20210118T221725_036198_043EB4_4037-SLC,S1A_IW_SLC__1SDV_20210130T221657_20210130T221725_036373_0444C8_4978,S1A_IW_SLC__1SDV_20210130T221657_20210130T221725_036373_0444C8_4978-SLC,12,76
S1A_IW_SLC__1SDV_20210108T215705_20210108T215732_036052_04399C_844A,S1A_IW_SLC__1SDV_20210108T215705_20210108T215732_036052_04399C_844A-SLC,S1A_IW_SLC__1SDV_20210120T215729_20210120T215756_036227_043FC4_FFC4,S1A_IW_SLC__1SDV_20210120T215729_20210120T215756_036227_043FC4_FFC4-SLC,12,105
S1A_IW_SLC__1SDV_20210108T215729_20210108T215756_036052_04399C_4678,S1A_IW_SLC__1SDV_20210108T215729_20210108T215756_036052_04399C_4678-SLC,S1A_IW_SLC__1SDV_20210120T215729_20210120T215756_036227_043FC4_FFC4,S1A_IW_SLC__1SDV_20210120T215729_20210120T215756_036227_043FC4_FFC4-SLC,12,105
S1A_IW_SLC__1SDV_20210108T215754_20210108T215821_036052_04399C_601D,S1A_IW_SLC__1SDV_20210108T215754_20210108T215821_036052_04399C_601D-SLC,S1A_IW_SLC__1SDV_20210120T215754_20210120T215821_036227_043FC4_BFC7,S1A_IW_SLC__1SDV_20210120T215754_20210120T215821_036227_043FC4_BFC7-SLC,12,105
S1A_IW_SLC__1SDV_20210108T215819_20210108T215846_036052_04399C_F453,S1A_IW_SLC__1SDV_20210108T215819_20210108T215846_036052_04399C_F453-SLC,S1A_IW_SLC__1SDV_20210120T215843_20210120T215910_036227_043FC4_612C,S1A_IW_SLC__1SDV_20210120T215843_20210120T215910_036227_043FC4_612C-SLC,12,105
S1A_IW_SLC__1SDV_20210108T215844_20210108T215911_036052_04399C_9AFC,S1A_IW_SLC__1SDV_20210108T215844_20210108T215911_036052_04399C_9AFC-SLC,S1A_IW_SLC__1SDV_20210120T215908_20210120T215936_036227_043FC4_C8E4,S1A_IW_SLC__1SDV_20210120T215908_20210120T215936_036227_043FC4_C8E4-SLC,12,105
S1A_IW_SLC__1SDV_20210108T215909_20210108T215937_036052_04399C_6679,S1A_IW_SLC__1SDV_20210108T215909_20210108T215937_036052_04399C_6679-SLC,S1A_IW_SLC__1SDV_20210120T215934_20210120T220001_036227_043FC4_A43D,S1A_IW_SLC__1SDV_20210120T215934_20210120T220001_036227_043FC4_A43D-SLC,12,105
S1A_IW_SLC__1SDV_20210108T215934_20210108T220001_036052_04399C_6E8E,S1A_IW_SLC__1SDV_20210108T215934_20210108T220001_036052_04399C_6E8E-SLC,S1A_IW_SLC__1SDV_20210120T215934_20210120T220001_036227_043FC4_A43D,S1A_IW_SLC__1SDV_20210120T215934_20210120T220001_036227_043FC4_A43D-SLC,12,105
S1A_IW_SLC__1SDV_20210108T215959_20210108T220026_036052_04399C_E78B,S1A_IW_SLC__1SDV_20210108T215959_20210108T220026_036052_04399C_E78B-SLC,S1A_IW_SLC__1SDV_20210120T215959_20210120T220026_036227_043FC4_7CED,S1A_IW_SLC__1SDV_20210120T215959_20210120T220026_036227_043FC4_7CED-SLC,12,105
S1B_IW_SLC__1SDV_20210103T101812_20210103T101839_024988_02F95E_0BBE,S1B_IW_SLC__1SDV_20210103T101812_20210103T101839_024988_02F95E_0BBE-SLC,S1B_IW_SLC__1SDV_20210115T101812_20210115T101839_025163_02FEFF_BBC1,S1B_IW_SLC__1SDV_20210115T101812_20210115T101839_025163_02FEFF_BBC1-SLC,12,112
S1B_IW_SLC__1SDV_20210103T101837_20210103T101914_024988_02F95E_FCB0,S1B_IW_SLC__1SDV_20210103T101837_20210103T101914_024988_02F95E_FCB0-SLC,S1B_IW_SLC__1SDV_20210115T101837_20210115T101914_025163_02FEFF_7B40,S1B_IW_SLC__1SDV_20210115T101837_20210115T101914_025163_02FEFF_7B40-SLC,12,112
S1A_IW_SLC__1SDV_20210109T101905_20210109T101923_036059_0439E1_559A,S1A_IW_SLC__1SDV_20210109T101905_20210109T101923_036059_0439E1_559A-SLC,S1B_IW_SLC__1SDV_20210127T101811_20210127T101838_025338_030493_3AEE,S1B_IW_SLC__1SDV_20210127T101811_20210127T101838_025338_030493_3AEE-SLC,17,112
S1B_IW_SLC__1SDV_20210115T101812_20210115T101839_025163_02FEFF_BBC1,S1B_IW_SLC__1SDV_20210115T101812_20210115T101839_025163_02FEFF_BBC1-SLC,S1B_IW_SLC__1SDV_20210127T101836_20210127T101913_025338_030493_90D5,S1B_IW_SLC__1SDV_20210127T101836_20210127T101913_025338_030493_90D5-SLC,12,112
S1B_IW_SLC__1SDV_20210104T214209_20210104T214237_025010_02FA0B_D2B5,S1B_IW_SLC__1SDV_20210104T214209_20210104T214237_025010_02FA0B_D2B5-SLC,S1B_IW_SLC__1SDV_20210116T214234_20210116T214301_025185_02FFAA_403B,S1B_IW_SLC__1SDV_20210116T214234_20210116T214301_025185_02FFAA_403B-SLC,12,134
S1B_IW_SLC__1SDV_20210104T214235_20210104T214302_025010_02FA0B_02B6,S1B_IW_SLC__1SDV_20210104T214235_20210104T214302_025010_02FA0B_02B6-SLC,S1B_IW_SLC__1SDV_20210116T214259_20210116T214326_025185_02FFAA_8599,S1B_IW_SLC__1SDV_20210116T214259_20210116T214326_025185_02FFAA_8599-SLC,12,134
S1B_IW_SLC__1SDV_20210104T214300_20210104T214326_025010_02FA0B_649E,S1B_IW_SLC__1SDV_20210104T214300_20210104T214326_025010_02FA0B_649E-SLC,S1B_IW_SLC__1SDV_20210116T214324_20210116T214351_025185_02FFAA_6561,S1B_IW_SLC__1SDV_20210116T214324_20210116T214351_025185_02FFAA_6561-SLC,12,134
S1B_IW_SLC__1SDV_20210104T214324_20210104T214351_025010_02FA0B_A296,S1B_IW_SLC__1SDV_20210104T214324_20210104T214351_025010_02FA0B_A296-SLC,S1B_IW_SLC__1SDV_20210116T214324_20210116T214351_025185_02FFAA_6561,S1B_IW_SLC__1SDV_20210116T214324_20210116T214351_025185_02FFAA_6561-SLC,12,134
S1A_IW_SLC__1SDV_20210110T214233_20210110T214300_036081_043AAB_A1BB,S1A_IW_SLC__1SDV_20210110T214233_20210110T214300_036081_043AAB_A1BB-SLC,S1A_IW_SLC__1SDV_20210122T214233_20210122T214300_036256_0440C7_E6AF,S1A_IW_SLC__1SDV_20210122T214233_20210122T214300_036256_0440C7_E6AF-SLC,12,134
S1A_IW_SLC__1SDV_20210110T214258_20210110T214325_036081_043AAB_7572,S1A_IW_SLC__1SDV_20210110T214258_20210110T214325_036081_043AAB_7572-SLC,S1A_IW_SLC__1SDV_20210122T214322_20210122T214349_036256_0440C7_985C,S1A_IW_SLC__1SDV_20210122T214322_20210122T214349_036256_0440C7_985C-SLC,12,134
S1A_IW_SLC__1SDV_20210110T214323_20210110T214350_036081_043AAB_23E6,S1A_IW_SLC__1SDV_20210110T214323_20210110T214350_036081_043AAB_23E6-SLC,S1A_IW_SLC__1SDV_20210122T214347_20210122T214415_036256_0440C7_5E3B,S1A_IW_SLC__1SDV_20210122T214347_20210122T214415_036256_0440C7_5E3B-SLC,12,134
S1A_IW_SLC__1SDV_20210110T214348_20210110T214416_036081_043AAB_657D,S1A_IW_SLC__1SDV_20210110T214348_20210110T214416_036081_043AAB_657D-SLC,S1A_IW_SLC__1SDV_20210122T214413_20210122T214440_036256_0440C7_5CFE,S1A_IW_SLC__1SDV_20210122T214413_20210122T214440_036256_0440C7_5CFE-SLC,12,134
S1A_IW_SLC__1SDV_20210110T214413_20210110T214440_036081_043AAB_7A31,S1A_IW_SLC__1SDV_20210110T214413_20210110T214440_036081_043AAB_7A31-SLC,S1A_IW_SLC__1SDV_20210122T214413_20210122T214440_036256_0440C7_5CFE,S1A_IW_SLC__1SDV_20210122T214413_20210122T214440_036256_0440C7_5CFE-SLC,12,134
S1B_IW_SLC__1SDV_20210116T214208_20210116T214236_025185_02FFAA_ED31,S1B_IW_SLC__1SDV_20210116T214208_20210116T214236_025185_02FFAA_ED31-SLC,S1B_IW_SLC__1SDV_20210128T214208_20210128T214236_025360_03053B_D418,S1B_IW_SLC__1SDV_20210128T214208_20210128T214236_025360_03053B_D418-SLC,12,134
S1B_IW_SLC__1SDV_20210116T214234_20210116T214301_025185_02FFAA_403B,S1B_IW_SLC__1SDV_20210116T214234_20210116T214301_025185_02FFAA_403B-SLC,S1B_IW_SLC__1SDV_20210128T214234_20210128T214301_025360_03053B_EF28,S1B_IW_SLC__1SDV_20210128T214234_20210128T214301_025360_03053B_EF28-SLC,12,134
S1B_IW_SLC__1SDV_20210116T214259_20210116T214326_025185_02FFAA_8599,S1B_IW_SLC__1SDV_20210116T214259_20210116T214326_025185_02FFAA_8599-SLC,S1B_IW_SLC__1SDV_20210128T214259_20210128T214326_025360_03053B_31D3,S1B_IW_SLC__1SDV_20210128T214259_20210128T214326_025360_03053B_31D3-SLC,12,134
S1B_IW_SLC__1SDV_20210116T214324_20210116T214351_025185_02FFAA_6561,S1B_IW_SLC__1SDV_20210116T214324_20210116T214351_025185_02FFAA_6561-SLC,S1B_IW_SLC__1SDV_20210128T214324_20210128T214350_025360_03053B_900C,S1B_IW_SLC__1SDV_20210128T214324_20210128T214350_025360_03053B_900C-SLC,12,134
